model,mse,std
MSD,1.326254958239042,0.287855823769278
MLP,0.9446471333503723,0.24289236962795258
CNN,0.73,0.21
ViT,0.69,0.2
MiViT,0.57,0.19

